ID,Mailing-Street1,Mailing-Street2,Mailing-ZipCode,Mailing-City,Mailing-State,Billing-Street1,Billing-Street2,Billing-ZipCode,Billing-City,Billing-State
1,6649 N Blue Gum St,45 E Liberty St,70116,New Orleans,LA,98 Connecticut Ave Nw,Dona Ana,44023,Geauga,OH
2,4 B Blue Ridge Blvd,4 Ralph Ct,48116,Brighton,MI,56 E Morehead St,Bergen,78045,Webb,TX
3,8 W Cerritos Ave #54,2742 Distribution Way,8014,Bridgeport,NJ,73 State Road 434 E,Middlesex,85013,Maricopa,AZ
4,639 Main St,426 Wolf St,99501,Anchorage,AK,69734 E Carrillo St,New York,37110,Warren,TN
5,34 Center St,128 Bransten Rd,45011,Hamilton,OH,322 New Horizon Blvd,Jefferson,53207,Milwaukee,WI
6,3 Mcauley Dr,17 Morena Blvd,44805,Ashland,OH,1 State Route 27,New York,48180,Wayne,MI
7,7 Eads St,775 W 17th St,60632,Chicago,IL,394 Manchester Blvd,Ventura,61109,Winnebago,IL
8,7 W Jackson Blvd,6980 Dorsett Rd,95111,San Jose,CA,6 S 33rd St,Bexar,19014,Delaware,PA
9,5 Boston Ave #88,2881 Lewis Rd,57105,Sioux Falls,SD,6 Greenleaf Ave,Dickinson,95111,Santa Clara,CA
10,228 Runamuck Pl #2808,7219 Woodfield Rd,21224,Baltimore,MD,618 W Yakima Ave,Crook,75062,Dallas,TX
11,2371 Jerrold Ave,1048 Main St,19443,Kulpsville,PA,74 S Westgate St,Johnson,12204,Albany,NY
12,37275 St  Rt 17m M,678 3rd Ave,11953,Middle Island,NY,3273 State St,Fairbanks North Star,8846,Middlesex,NJ
13,25 E 75th St #69,20 S Babcock St,90034,Los Angeles,CA,1 Central Ave,Miami-Dade,,Portage,WI
